4,v,clang++,431354
4,v,g++-9,416000
4,V,clang++,33560
4,V,g++-9,11000
4,d,clang++,8511957
4,d,g++-9,1466000
4,l,clang++,330181
4,l,g++-9,371000
4,v,clang++,440531
4,v,g++-9,429000
4,V,clang++,54586
4,V,g++-9,30000
4,d,clang++,8702983
4,d,g++-9,1374000
4,l,clang++,337361
4,l,g++-9,365000
4,v,clang++,649491
4,v,g++-9,631000
4,V,clang++,48081
4,V,g++-9,25000
4,d,clang++,8717634
4,d,g++-9,1260000
4,l,clang++,352258
4,l,g++-9,388000
4,v,clang++,630040
4,v,g++-9,635000
4,V,clang++,57362
4,V,g++-9,38000
4,d,clang++,8757287
4,d,g++-9,1416000
4,l,clang++,351506
4,l,g++-9,379000
4,v,clang++,680572
4,v,g++-9,680000
4,V,clang++,53583
4,V,g++-9,30000
4,d,clang++,8772183
4,d,g++-9,1351000
4,l,clang++,368020
4,l,g++-9,373000
4,v,clang++,669992
4,v,g++-9,684000
4,V,clang++,51780
4,V,g++-9,34000
4,d,clang++,8521234
4,d,g++-9,1372000
4,l,clang++,382319
4,l,g++-9,525000
4,v,clang++,741253
4,v,g++-9,769000
4,V,clang++,55197
4,V,g++-9,37000
4,d,clang++,8460905
4,d,g++-9,1486000
4,l,clang++,395639
4,l,g++-9,387000
4,v,clang++,768525
4,v,g++-9,809000
4,V,clang++,53114
4,V,g++-9,40000
4,d,clang++,8421002
4,d,g++-9,1181000
4,l,clang++,383866
4,l,g++-9,475000
4,v,clang++,784113
4,v,g++-9,832000
4,V,clang++,74767
4,V,g++-9,49000
4,d,clang++,8412469
4,d,g++-9,1063000
4,l,clang++,395395
4,l,g++-9,584000
4,v,clang++,849181
4,v,g++-9,879000
4,V,clang++,65870
4,V,g++-9,48000
4,d,clang++,8728376
4,d,g++-9,1369000
4,l,clang++,388948
4,l,g++-9,397000
4,v,clang++,866633
4,v,g++-9,908000
4,V,clang++,68109
4,V,g++-9,59000
4,d,clang++,8677478
4,d,g++-9,1414000
4,l,clang++,409513
4,l,g++-9,496000
4,v,clang++,907834
4,v,g++-9,941000
4,V,clang++,66845
4,V,g++-9,40000
4,d,clang++,8706450
4,d,g++-9,1308000
4,l,clang++,422225
4,l,g++-9,648000
4,v,clang++,886020
4,v,g++-9,948000
4,V,clang++,64060
4,V,g++-9,44000
4,d,clang++,9275338
4,d,g++-9,1602000
4,l,clang++,410811
4,l,g++-9,567000
4,v,clang++,1029240
4,v,g++-9,1127000
4,V,clang++,81915
4,V,g++-9,64000
4,d,clang++,8389865
4,d,g++-9,1452000
4,l,clang++,428762
4,l,g++-9,555000
4,v,clang++,1152640
4,v,g++-9,1301000
4,V,clang++,92942
4,V,g++-9,81000
4,d,clang++,8825858
4,d,g++-9,1426000
4,l,clang++,436770
4,l,g++-9,749000
4,v,clang++,1212989
4,v,g++-9,1350000
4,V,clang++,87615
4,V,g++-9,77000
4,d,clang++,8845693
4,d,g++-9,1260000
4,l,clang++,500612
4,l,g++-9,702000
4,v,clang++,1316179
4,v,g++-9,1499000
4,V,clang++,91745
4,V,g++-9,115000
4,d,clang++,8714457
4,d,g++-9,1603000
4,l,clang++,500270
4,l,g++-9,812000
4,v,clang++,1424566
4,v,g++-9,1590000
4,V,clang++,147865
4,V,g++-9,85000
4,d,clang++,9096923
4,d,g++-9,1112000
4,l,clang++,538291
4,l,g++-9,797000
4,v,clang++,1545144
4,v,g++-9,1726000
4,V,clang++,114756
4,V,g++-9,113000
4,d,clang++,8829345
4,d,g++-9,1291000
4,l,clang++,533371
4,l,g++-9,803000
4,v,clang++,1743440
4,v,g++-9,1987000
4,V,clang++,223297
4,V,g++-9,130000
4,d,clang++,8768099
4,d,g++-9,1204000
4,l,clang++,580630
4,l,g++-9,876000
4,v,clang++,3722776
4,v,g++-9,3905000
4,V,clang++,252345
4,V,g++-9,149000
4,d,clang++,8503360
4,d,g++-9,1205000
4,l,clang++,647143
4,l,g++-9,955000
4,v,clang++,4262433
4,v,g++-9,4498000
4,V,clang++,236649
4,V,g++-9,229000
4,d,clang++,9034679
4,d,g++-9,1378000
4,l,clang++,657522
4,l,g++-9,940000
4,v,clang++,5187668
4,v,g++-9,5865000
4,V,clang++,313273
4,V,g++-9,267000
4,d,clang++,8592378
4,d,g++-9,1283000
4,l,clang++,643036
4,l,g++-9,986000
4,v,clang++,2673105
4,v,g++-9,2971000
4,V,clang++,346870
4,V,g++-9,328000
4,d,clang++,8829533
4,d,g++-9,1238000
4,l,clang++,704134
4,l,g++-9,978000
256,v,clang++,1136120
256,v,g++-9,1159000
256,V,clang++,218692
256,V,g++-9,167000
256,d,clang++,8609879
256,d,g++-9,1468000
256,l,clang++,863412
256,l,g++-9,829000
256,v,clang++,2736151
256,v,g++-9,2718000
256,V,clang++,223975
256,V,g++-9,247000
256,d,clang++,8629641
256,d,g++-9,1195000
256,l,clang++,866284
256,l,g++-9,839000
256,v,clang++,3719027
256,v,g++-9,3810000
256,V,clang++,343985
256,V,g++-9,341000
256,d,clang++,8968182
256,d,g++-9,1439000
256,l,clang++,874401
256,l,g++-9,922000
256,v,clang++,2495590
256,v,g++-9,2635000
256,V,clang++,481949
256,V,g++-9,501000
256,d,clang++,8439530
256,d,g++-9,1472000
256,l,clang++,858925
256,l,g++-9,809000
256,v,clang++,2964343
256,v,g++-9,3040000
256,V,clang++,522132
256,V,g++-9,514000
256,d,clang++,8740909
256,d,g++-9,1459000
256,l,clang++,857305
256,l,g++-9,944000
256,v,clang++,4836019
256,v,g++-9,4401000
256,V,clang++,904807
256,V,g++-9,837000
256,d,clang++,8345976
256,d,g++-9,1462000
256,l,clang++,1002746
256,l,g++-9,1105000
256,v,clang++,6717804
256,v,g++-9,6004000
256,V,clang++,988968
256,V,g++-9,996000
256,d,clang++,8662404
256,d,g++-9,1457000
256,l,clang++,1067355
256,l,g++-9,1185000
256,v,clang++,7101423
256,v,g++-9,6613000
256,V,clang++,1201673
256,V,g++-9,1185000
256,d,clang++,9183773
256,d,g++-9,1737000
256,l,clang++,956685
256,l,g++-9,1250000
256,v,clang++,9188853
256,v,g++-9,9461000
256,V,clang++,1917603
256,V,g++-9,1595000
256,d,clang++,9210950
256,d,g++-9,1531000
256,l,clang++,1070802
256,l,g++-9,1302000
256,v,clang++,12454159
256,v,g++-9,12826000
256,V,clang++,1798136
256,V,g++-9,1830000
256,d,clang++,9271120
256,d,g++-9,1618000
256,l,clang++,1149295
256,l,g++-9,1401000
256,v,clang++,16684725
256,v,g++-9,17649000
256,V,clang++,2707958
256,V,g++-9,2526000
256,d,clang++,9301471
256,d,g++-9,1630000
256,l,clang++,1205977
256,l,g++-9,1345000
256,v,clang++,16871590
256,v,g++-9,13436000
256,V,clang++,2933704
256,V,g++-9,2905000
256,d,clang++,9018937
256,d,g++-9,1513000
256,l,clang++,1247978
256,l,g++-9,1460000
256,v,clang++,18697962
256,v,g++-9,21291000
256,V,clang++,3900118
256,V,g++-9,3752000
256,d,clang++,9265012
256,d,g++-9,1535000
256,l,clang++,1227012
256,l,g++-9,1479000
256,v,clang++,26593220
256,v,g++-9,25161000
256,V,clang++,5094676
256,V,g++-9,4762000
256,d,clang++,9531463
256,d,g++-9,1740000
256,l,clang++,1161442
256,l,g++-9,1350000
256,v,clang++,24108705
256,v,g++-9,30766000
256,V,clang++,7133082
256,V,g++-9,6348000
256,d,clang++,9084662
256,d,g++-9,1755000
256,l,clang++,1293620
256,l,g++-9,1483000
256,v,clang++,31079767
256,v,g++-9,31117000
256,V,clang++,7332496
256,V,g++-9,8092000
256,d,clang++,9014093
256,d,g++-9,1768000
256,l,clang++,1340489
256,l,g++-9,1568000
256,v,clang++,73663481
256,v,g++-9,74304000
256,V,clang++,9133312
256,V,g++-9,10162000
256,d,clang++,9134976
256,d,g++-9,1690000
256,l,clang++,1252757
256,l,g++-9,1540000
256,v,clang++,86726041
256,v,g++-9,84613000
256,V,clang++,11591166
256,V,g++-9,11116000
256,d,clang++,9236143
256,d,g++-9,1835000
256,l,clang++,1319002
256,l,g++-9,1622000
256,v,clang++,100879268
256,v,g++-9,98882000
256,V,clang++,15584767
256,V,g++-9,13972000
256,d,clang++,9198432
256,d,g++-9,1951000
256,l,clang++,1322037
256,l,g++-9,1677000
256,v,clang++,119961587
256,v,g++-9,114748000
256,V,clang++,17775333
256,V,g++-9,18333000
256,d,clang++,9341541
256,d,g++-9,1983000
256,l,clang++,1328066
256,l,g++-9,1636000
256,v,clang++,153094339
256,v,g++-9,152037000
256,V,clang++,26615520
256,V,g++-9,23874000
256,d,clang++,10194480
256,d,g++-9,2155000
256,l,clang++,1341982
256,l,g++-9,1696000
256,v,clang++,174552419
256,v,g++-9,174640000
256,V,clang++,41827272
256,V,g++-9,41629000
256,d,clang++,9537201
256,d,g++-9,2251000
256,l,clang++,1393190
256,l,g++-9,1664000
256,v,clang++,207825947
256,v,g++-9,212600000
256,V,clang++,36368438
256,V,g++-9,37566000
256,d,clang++,10431506
256,d,g++-9,2264000
256,l,clang++,1414433
256,l,g++-9,1744000
256,v,clang++,237956277
256,v,g++-9,238062000
256,V,clang++,44042227
256,V,g++-9,43084000
256,d,clang++,9688145
256,d,g++-9,1860000
256,l,clang++,1392980
256,l,g++-9,1796000
